지역,구분,2020-10,2020-11,2020-12,2021-01,2021-02,2021-03,2021-04,2021-05,2021-06,2021-07,2021-08,2021-09,2021-10,2021-11,2021-12,2022-01,2022-02,2022-03,2022-04,2022-05,2022-06,2022-07,2022-08,2022-09,2022-10,2022-11,2022-12,2023-01,2023-02,2023-03,2023-04,2023-05,2023-06,2023-07,2023-08,2023-09,2023-10,2023-11,2023-12,2024-01,2024-02,2024-03,2024-04,2024-05,2024-06,2024-07,2024-08,2024-09,2024-10,2024-11,2024-12,2025-01,2025-02,2025-03,2025-04,2025-05,2025-06,2025-07,2025-08,2025-09,2025-10
전국,매수자많음,11.71367906,22.03297544,27.34388801,21.20058023,20.44791496,16.52463654,13.15016167,15.08366664,18.90370319,21.70074417,30.44962879,25.3586175,19.10785562,7.970127845,4.86904839,3.056816,3.393034,4.164615,4.999767,4.071499,3.567624,2.503934,1.546922,1.235554,1.191657,2.621669996,3.332835136,2.42469053,3.13117441,2.67867525,2.63277946,2.67608163,3.35574303,2.67607688,3.43016292,3.48504175,2.14611743,1.6569458,1.54532152,2.05114127,2.01178054,2.38915968,2.51184587,2.2420625,3.33405173,5.72634302,5.12507113,3.95935335,3.03209047,2.52513046,2.00957617,2.24703122,2.73975126,5.350766,3.2469559,3.87524167,8.98248641,2.86922374,3.13265338,5.49703353,9.51932798
전국,비슷함,50.4077195,46.24256503,48.76149143,54.16213897,57.85682388,55.83899349,57.71814018,55.09330119,56.75837055,58.115711,53.92747551,57.5888292,61.68031287,59.51495642,52.29132193,46.485517,43.322261,42.028201,41.466436,38.475586,32.961562,27.361718,24.094404,19.386132,16.773559,12.09852502,10.85671075,13.03046885,14.83561336,16.49428938,17.03383376,19.42912752,21.66480505,24.43423648,25.78244353,25.88269491,23.94322022,19.74832679,15.71762865,17.11538781,16.43249578,18.08559826,18.93923016,19.12766885,21.69045475,24.18222396,27.30130813,28.6137419,25.37459968,23.1330511,21.65559051,21.18487223,20.76915354,21.86454606,22.61089355,23.6110776,24.70150211,27.51959127,26.57497031,24.59467129,24.33833672
전국,매도자많음,37.87860145,31.72445953,23.89462056,24.6372808,21.69526115,27.63636997,29.13169816,29.82303218,24.33792626,20.18354483,15.6228957,17.0525533,19.21183151,32.51491574,42.83962968,50.457667,53.284705,53.807183,53.533797,57.452915,63.470814,70.134348,74.358674,79.378315,82.034784,85.27980498,85.81045411,84.54484062,82.03321223,80.82703537,80.33338677,77.89479085,74.97945191,72.88968664,70.78739355,70.63226334,73.91066235,78.59472741,82.73704983,80.83347092,81.55572368,79.52524206,78.54892398,78.63026865,74.97549353,70.09143303,67.57362073,67.42690475,71.59330985,74.34181844,76.33483332,76.56809656,76.49109519,72.78468794,74.14215055,72.51368072,66.31601148,69.61118498,70.29237631,69.90829519,66.1423353
전국,매수우위지수,73.83507761,90.30851591,103.4492674,96.56329943,98.75265381,88.88826657,84.01846351,85.26063446,94.56577693,101.5171993,114.8267331,108.3060642,99.89602411,75.45521211,62.02941871,52.599149,50.108329,50.357432,51.46597,46.618585,40.096811,32.369586,27.188248,21.857239,19.156873,17.34186501,17.52238102,17.87984991,21.09796217,21.85163988,22.29939269,24.78129078,28.37629112,29.78639024,32.64276937,32.85277841,28.23545508,23.06221839,18.80827169,21.21767035,20.45605686,22.86391761,23.96292189,23.61179385,28.3585582,35.63490999,37.5514504,36.53244859,31.43878062,28.18331202,25.67474285,25.67893466,26.24865607,32.56607805,29.10480534,31.36156095,42.66647493,33.25803876,32.84027707,35.58873834,43.37699267
서울,매수자많음,10.59282538,13.68660401,21.48598669,21.61092045,16.76480352,6.78950395,5.487469965,9.816265071,16.28302907,18.93965346,23.10941061,18.03737194,11.82945949,3.408928113,2.45809581,1.769587,2.10762,3.009948,3.806588,3.533111,2.145407,1.18439,1.15536,0.581707,1.117496,2.265794862,3.34135763,2.69672699,3.30706038,2.88022064,2.29291321,3.26688748,3.35172728,3.78453593,5.10448245,4.511318,3.24881356,1.59036632,1.64251099,2.17494924,2.17973881,2.31380951,3.08700489,3.08347957,8.26766738,16.50851241,13.4801629,6.3647335,3.21751483,2.80702084,2.33550291,2.20995044,5.24312267,18.36610909,5.10053148,9.81555732,30.49258487,4.39188004,5.01966038,13.99287964,28.85219477
서울,비슷함,65.76397372,64.04386338,65.37428334,64.80346248,70.67465241,68.38168818,69.33473257,67.5384212,66.37364488,65.40757881,65.85234084,70.17463474,72.82612891,60.0454744,49.71332547,52.086426,51.318783,49.856555,53.646948,52.631227,37.34274,30.642478,29.615518,23.689762,20.759931,15.41172013,13.79441805,15.51171462,18.5314585,20.98954908,23.64809447,25.70208535,27.10498453,30.46998284,35.78738818,32.38692042,30.39476101,22.91935793,17.43544334,21.93415632,21.25210615,25.09748281,26.81586673,25.88894497,30.53629141,34.93495014,41.80293281,45.02139446,39.20894382,34.84897479,32.11062336,31.01169472,33.71803729,32.63470134,41.32518485,39.97117757,34.12480282,46.43286462,41.76851885,39.04426123,37.7812689
서울,매도자많음,23.6432009,22.2695326,13.13972997,13.58561707,12.56054407,24.82880787,25.17779746,22.64531373,17.34332605,15.65276773,11.03824854,11.78799332,15.34441159,36.54559749,47.82857872,46.143986,46.573598,47.133497,42.546464,43.835662,60.511853,68.173131,69.229122,75.728532,78.122573,82.32248501,82.86422432,81.7915584,78.16148112,76.13023028,74.05899232,71.03102718,69.54328819,65.74548123,59.10812937,63.10176159,66.35642543,75.49027575,80.92204567,75.89089444,76.56815503,72.58870768,70.09712838,71.02757547,61.19604121,48.55653745,44.71690428,48.61387204,57.57354135,62.34400437,65.55387373,66.77835484,61.03884005,48.99918957,53.57428367,50.21326511,35.38261231,49.17525534,53.21182076,46.96285913,33.36653633
서울,매수우위지수,86.94962448,91.41707141,108.3462567,108.0253034,104.2042595,81.96069608,80.3096725,87.17095134,98.93970303,103.2868857,112.0711621,106.2493786,96.4850479,66.86333062,54.62951709,55.625601,55.534022,55.876451,61.260124,59.697449,41.633554,33.011259,31.926237,24.853175,22.994924,19.94330985,20.47713331,20.90516859,25.14557926,26.74999037,28.23392089,32.2358603,33.8084391,38.0390547,45.99635308,41.40955641,36.89238813,26.10009058,20.72046532,26.2840548,25.61158378,29.72510184,32.98987651,32.0559041,47.07162617,67.95197495,68.76325862,57.75086145,45.64397348,40.46301647,36.78162918,35.4315956,44.20428262,69.36691953,51.5262478,59.60229221,95.10997256,55.2166247,51.80783962,67.03002051,95.48565843
강북14개구,매수자많음,13.29764232,15.63310225,22.56029182,18.71762696,16.64557387,4.735712446,4.645565559,11.20203978,15.63027927,18.33212108,23.20329463,17.00480982,11.26996814,2.695203414,2.739842193,2.038686,1.978778,3.256453,3.653839,2.291109,1.717002,1.304613,0.897551,0.381594,0.486726,2.222657315,2.605267206,2.90142528,2.82746196,2.79601159,2.54634478,2.86430546,2.59573082,3.46600412,5.06175879,4.50238909,1.7090591,1.18056851,1.10675432,2.40264009,2.30446694,1.60474819,2.82521477,2.77730096,7.85606846,12.49157994,11.81931176,5.86348965,3.38462149,1.6425784,2.13657359,1.61310264,3.2005872,11.03947447,3.63643259,6.80086772,24.76841551,3.89067779,4.61385712,12.99750664,25.98506964
강북14개구,비슷함,63.59940974,61.11464571,63.73057911,64.37797955,69.16504692,65.36734971,68.35522755,63.2676345,66.02196931,63.57356358,62.9614249,69.70093535,70.09139736,57.36622991,45.41976901,55.097601,53.286836,52.687626,56.802809,54.74037,35.760022,28.718986,31.570483,21.051785,23.283223,16.64357239,15.27920248,14.60240622,17.43573157,17.60138857,20.45732618,21.99836471,23.2538916,26.41943955,29.72734874,24.81572893,25.43307512,18.33414661,13.72519598,19.27654251,17.33333299,21.36799546,22.29770134,22.56424094,26.52558112,35.91207683,42.0577232,43.06680389,38.72930735,33.3551128,29.90673795,27.8823274,30.84822605,34.32309788,37.01343658,38.27677347,35.04260924,42.82177778,36.49343567,34.38443194,36.18820353
강북14개구,매도자많음,23.10294794,23.25225205,13.70912907,16.90439349,14.18937921,29.89693784,26.99920689,25.53032572,18.34775142,18.09431534,13.83528047,13.29425483,18.6386345,39.93856668,51.8403888,42.863714,44.734385,44.055922,39.543352,42.96852,62.522976,69.976402,67.531967,78.566621,76.230052,81.1337703,82.11553031,82.49616849,79.73680646,79.60259984,76.99632903,75.13732983,74.15037758,70.11455633,65.21089248,70.68188197,72.85786578,80.48528488,85.16804969,78.32081739,80.36220007,77.02725634,74.87708389,74.6584581,65.61835042,51.59634323,46.12296504,51.06970646,57.88607116,65.00230881,67.95668846,70.50456996,65.95118675,54.63742764,59.35013083,54.92235881,40.18897526,53.28754443,58.89270721,52.61806142,37.82672683
강북14개구,매수우위지수,90.19469438,92.3808502,108.8511628,101.8132335,102.4561947,74.8387746,77.64635867,85.67171406,97.28252785,100.2378057,109.3680142,103.710555,92.63133364,62.75663674,50.89945339,59.174972,57.244393,59.200531,64.110486,59.322589,39.194025,31.328211,33.365584,21.814973,24.256674,21.08888702,20.48973689,20.40525679,23.0906555,23.19341176,25.55001575,27.72697563,28.44535325,33.35144778,39.85086631,33.82050712,28.85119332,20.69528363,15.93870463,24.0818227,21.94226687,24.57749185,27.94813088,28.11884286,42.23771804,60.89523671,65.69634672,54.7937832,45.49855034,36.64026959,34.17988513,31.10853269,37.24940044,56.40204683,44.28630176,51.87850891,84.57944025,50.60313335,45.72114992,60.37944522,88.15834281
강남11개구,매수자많음,7.962099213,11.79342457,20.44110911,24.42496038,16.88076721,8.787037666,6.30631279,8.468449724,16.91789865,19.53054421,23.01809828,19.04164995,12.37362517,4.10310235,2.18406707,1.50786,2.232931,2.770196,3.955154,4.741091,2.562078,1.067461,1.406107,0.762192,1.686412,2.304711867,4.005429581,2.5120389,3.73965319,2.95629853,2.06446491,3.63236193,4.03604954,4.07293134,5.14299348,4.51937171,4.63607268,1.96035559,2.12578239,1.96937021,2.06704645,2.95401451,3.32280522,3.35901497,8.63823965,20.12149369,14.97733521,6.81631235,3.06695345,3.85393638,2.514354,2.74714357,7.08466398,24.98688997,6.41375618,12.51469611,35.59781179,4.83860056,5.38283473,14.88417066,31.41884834
강남11개구,비슷함,67.86924563,66.89284346,66.97296296,65.21729051,72.14290655,71.31345739,70.28740684,71.69222182,66.7156873,67.1913564,68.66406836,70.63535848,75.48595026,62.65132859,53.88927214,49.157735,49.404638,47.103033,50.577532,50.579858,38.882103,32.513282,27.714104,26.068998,18.48408,14.30039126,12.4549037,16.33213386,19.51979286,24.05055111,26.524317,29.06441949,30.5909646,34.13730279,41.24989691,39.21600596,34.86504777,27.05915306,20.78221723,24.33368029,24.79273318,28.46480291,30.8854814,28.88090343,34.14722906,34.05608536,41.57325232,46.78231738,39.64109132,36.19206165,34.09206747,33.82828321,36.30544692,31.10896625,45.19261101,41.48822657,33.30623688,49.65141883,46.48946388,43.21683165,39.20738279
강남11개구,매도자많음,24.16865516,21.31373197,12.58592794,10.35774911,10.97632624,19.89950494,23.40628037,19.83932845,16.36641405,13.27809939,8.317833362,10.32299157,12.14042457,33.24556906,43.92666079,49.334405,48.36243,50.126771,45.467315,44.679051,58.555819,66.419256,70.879789,73.168811,79.829508,83.39489687,83.53966672,81.15582724,76.74055395,72.99315037,71.41121809,67.30321859,65.37298586,61.78976587,53.60710961,56.26462232,60.49887955,70.98049136,77.09200038,73.6969495,73.14022036,68.58118258,65.79171338,67.76008161,57.21453129,45.82242095,43.44941247,46.40137027,57.29195522,59.95400197,63.39357852,63.42457322,56.60988911,43.90414378,48.39363281,45.99707732,31.09595133,45.50998061,48.12770139,41.89899769,29.37376887
강남11개구,매수우위지수,83.79344405,90.4796926,107.8551812,114.0672113,105.904441,88.88753273,82.90003242,88.62912127,100.5514846,106.2524448,114.7002649,108.7186584,100.2332006,70.85753329,58.25740628,52.173455,53.870501,52.643425,58.487839,60.06204,44.006259,34.648205,30.526318,27.593381,21.856904,18.90981499,20.46576286,21.35621166,26.99909923,29.96314816,30.65324683,36.32914334,38.66306367,42.28316547,51.53588387,48.25474939,44.13719314,30.97986423,25.03378201,28.27242071,28.92682609,34.37283192,37.53109185,35.59893336,51.42370835,74.29907273,71.52792274,60.41494208,45.77499823,43.89993441,39.12077548,39.32257035,50.47477487,81.0827462,58.02012336,66.51761879,104.5018605,59.32861995,57.25513333,72.98517296,102.0450795
수도권,매수자많음,11.59276714,16.92017694,26.37727447,28.09799297,26.85066532,19.30762124,13.94739258,17.80182323,21.39333857,24.98736429,34.71213779,26.45161154,18.10540109,5.037854547,2.881077555,2.265429,2.207475,2.688043,3.462168,2.894894,1.777518,1.380321,1.289308,0.954169,1.336522,2.364680828,3.643206798,2.7236724,3.26068028,2.32373482,2.76454744,2.9106064,3.51098419,3.19227085,3.93552694,3.95557099,2.12457765,1.34516427,1.5129783,1.81820625,1.95782581,2.25853613,2.21927503,2.32185452,4.73274581,8.92849468,7.84497242,4.69805805,2.91741375,2.16048289,1.75529175,2.08198405,3.08609533,7.97522757,3.19074159,4.82669561,14.80755406,3.3820982,3.59840065,7.22313352,14.75480668
수도권,비슷함,57.66772119,53.6870023,52.51620334,55.32525685,58.90740586,60.03720359,63.23193627,60.21058193,60.93518944,60.9124887,55.7327526,62.77689892,66.58154443,63.33170442,53.0203895,47.229118,44.396186,42.591857,42.564265,39.243517,31.245773,24.94377,22.355205,17.604982,13.805819,10.29174139,9.988225959,11.77227467,14.33736021,16.2237311,18.1355166,21.63457273,23.49432445,26.64198844,29.00726556,28.63803552,26.26511326,20.91416962,16.83130053,18.04799157,17.95421257,20.82632339,22.50608038,22.6290617,26.22392188,30.11896864,34.29183602,36.11909805,30.95582547,27.49495404,25.51458846,24.15816178,24.91814409,25.3527349,27.4775928,28.03206185,27.96649869,33.72415541,32.13152333,29.36971338,28.43959976
수도권,매도자많음,30.73951167,29.39282076,21.10652219,16.57675018,14.24192882,20.65517517,22.82067115,21.98759484,17.67147199,14.10014702,9.555109605,10.77148954,15.31305448,31.63044104,44.09853295,50.505453,53.396339,54.7201,53.973567,57.861589,66.976709,73.67591,76.355487,81.440849,84.857659,87.34357778,86.36856724,85.50405293,82.40195951,81.45253408,79.09993596,75.45482086,72.99469136,70.16574071,67.0572075,67.40639349,71.61030909,77.74066611,81.65572117,80.13380217,80.08796162,76.91514048,75.27464459,75.04908378,69.04333231,60.95253668,57.86319156,59.1828439,66.12676078,70.34456306,72.73011979,73.75985417,71.99576059,66.67203753,69.33166562,67.14124253,57.22594725,62.89374639,64.27007602,63.40715309,56.80559356
수도권,매수우위지수,80.85325547,87.52735618,105.2707523,111.5212428,112.6087365,98.65244607,91.12672143,95.81422839,103.7218666,110.8872173,125.1570282,115.680122,102.7923466,73.40741351,58.78254461,51.759977,48.811137,47.967943,49.488601,45.033305,34.800809,27.704411,24.933821,19.513319,16.478862,15.02110305,17.27463956,17.21961947,20.85872077,20.87120074,23.66461147,27.45578554,30.51629283,33.02653013,36.87831943,36.54917749,30.51426856,23.60449816,19.85725713,21.68440408,21.86986418,25.34339565,26.94463044,27.27277074,35.6894135,47.975958,49.98178087,45.51521415,36.79065298,31.81591983,29.02517195,28.32212988,31.09033474,41.30319005,33.85907597,37.68545308,57.58160681,40.48835181,39.32832464,43.81598043,57.94921311
6개광역시,매수자많음,12.16169269,28.87028314,26.45418477,13.05507694,12.82063146,13.6497059,10.99673571,14.35924504,15.7583927,15.21798277,23.82919943,19.11991335,14.96028214,6.044071648,4.399322745,2.080033,2.268257,2.083897,2.510016,2.097649,1.348837,1.815905,0.686551,1.054025,1.000712,1.800264446,1.976361052,1.3447891,2.19065742,2.06664483,1.62166992,2.20353566,1.98811953,1.93631754,2.30656259,2.96924929,1.69275544,1.33856655,1.17402113,1.90706896,1.43112077,1.47102003,1.59347047,2.03423364,1.7151022,2.55934914,2.67576666,2.69884848,2.22467148,2.00598604,1.65982566,1.83691156,1.27951747,1.62092206,2.03151676,1.63198816,2.99925323,2.21168835,2.15252661,2.68802946,3.3570643
6개광역시,비슷함,48.58760463,41.16465242,49.21046618,57.30942723,60.36153919,53.07554456,53.5823482,48.72380924,54.29930572,57.09556184,53.1994642,54.72014942,58.53088442,55.02939125,46.66604858,38.401306,36.222066,34.551445,32.340806,26.239046,23.398556,18.591964,16.470269,13.047913,9.803362,7.934852325,6.819649013,7.41561789,8.58888483,9.429121,10.76469343,12.37073953,15.24105496,18.25993614,18.66811539,19.47620518,18.60000925,16.18155306,12.34451949,12.75927398,10.98311742,12.53230014,13.91556098,13.70187853,15.55915782,17.0690815,19.02691783,20.66189293,17.7629495,17.17878755,16.01316094,15.12744707,13.51820056,14.84948506,13.99155032,15.36617196,17.92836956,19.15588675,19.33490268,17.65494255,18.77202621
6개광역시,매도자많음,39.25070268,29.96506444,24.33534905,29.63549583,26.81782935,33.27474954,35.42091609,36.91694572,29.94230158,27.68645539,22.97133637,26.15993724,26.50883344,38.9265371,48.93462868,59.518662,61.509677,63.364658,65.149178,71.663306,75.252607,79.592131,82.843179,85.898062,89.195926,90.26488323,91.20398993,91.23959301,89.22045775,88.50423416,87.61363665,85.42572481,82.77082551,79.80374633,79.02532201,77.55454553,79.70723531,82.47988039,86.48145938,85.33365706,87.58576181,85.99667983,84.49096855,84.26388783,82.72573998,80.37156936,78.29731551,76.63925859,80.01237902,80.81522641,82.3270134,83.03564138,85.20228197,83.52959288,83.97693292,83.00183988,79.07237721,78.6324249,78.51257072,79.65702799,77.87090949
6개광역시,매수우위지수,72.91099001,98.90521871,102.1188357,83.41958111,86.0028021,80.37495637,75.57581963,77.44229932,85.81609112,87.53152739,100.8578631,92.95997611,88.45144871,67.11753455,55.46469407,42.561371,40.758581,38.719239,37.360838,30.434343,26.09623,22.223775,17.843372,15.155963,11.804786,11.53538122,10.77237112,10.1051961,12.97019967,13.56241067,14.00803327,16.77781085,19.21729402,22.13257121,23.28124058,25.41470377,21.98552013,18.85868616,14.69256175,16.5734119,13.84535896,15.4743402,17.10250191,17.77034581,18.98936223,22.18777977,24.37845115,26.05958989,22.21229246,21.19075964,19.33281226,18.80127018,16.0772355,18.09132918,18.05458384,18.63014828,23.92687601,23.57926345,23.63995589,23.03100148,25.48615481
5개광역시,매수자많음,13.9073811,33.390523,27.84359366,10.74743674,8.578587447,8.423808684,6.383697339,8.517760891,11.26915838,13.73229642,17.58649464,15.77728083,12.19972925,6.037193018,4.128862921,2.390761,2.335495,1.916948,2.705891,2.405205,1.531112,2.038785,0.763903,0.857337,0.857304,1.880378106,1.451000753,1.04732044,2.05136772,1.72491547,1.52384777,1.88350401,1.94516798,1.95344477,1.98214673,2.53008236,1.56831761,1.29147933,1.12260102,1.82860532,1.28960241,1.26139478,1.56340212,1.83395353,1.38862629,1.79605263,2.12091159,2.24818187,1.95894965,1.89523722,1.72777007,1.95429167,1.25523955,1.55414273,2.01443626,1.82601057,3.02895535,2.32073207,2.05867214,2.90623964,3.62340736
5개광역시,비슷함,48.59328193,39.69175223,50.71259582,58.34249711,62.4482571,53.63223906,52.56513761,48.82698812,54.05115561,55.33609471,55.9272341,53.79400482,57.68711957,51.60092514,46.80093352,38.051459,35.731932,34.42247,32.042049,26.698003,23.402916,19.223473,15.335033,12.164533,10.416981,7.90825164,6.319552114,7.34154781,7.9774196,8.50307184,10.08286679,10.78502043,14.6261348,17.3493121,17.44478409,17.74977877,17.36020934,14.34027068,10.7519688,10.39480304,10.13507907,10.21452493,11.80317462,10.95903822,12.77746328,12.69466114,15.11796522,16.7909631,14.19904964,14.22655942,13.67824897,14.04367114,11.95809473,12.87282694,12.18795921,12.67424288,15.28882546,17.13005192,16.85487531,15.68579661,16.82248746
5개광역시,매도자많음,37.49933697,26.91772478,21.44381052,30.91006615,28.97315545,37.94395226,41.05116505,42.65525099,34.679686,30.93160887,26.48627125,30.42871435,30.11315117,42.36188184,49.07020356,59.55778,61.932572,63.660582,65.25206,70.896792,75.065973,78.737741,83.901064,86.978131,88.725715,90.21137025,92.22944713,91.61113175,89.97121268,89.77201269,88.39328544,87.33147556,83.42869722,80.69724313,80.57306918,79.72013887,81.07147305,84.36824999,88.12543018,87.77659164,88.57531852,88.52408029,86.63342326,87.20700824,85.83391043,85.50928623,82.76112318,80.96085503,83.8420007,83.87820337,84.59398097,84.0020372,86.78666572,85.57303033,85.79760453,85.49974654,81.6822192,80.54921601,81.08645255,81.40796375,79.55410518
5개광역시,매수우위지수,76.40804413,106.4727982,106.3997831,79.83737059,79.605432,70.47985642,65.33253229,65.8625099,76.58947238,82.80068755,91.10022339,85.34856648,82.08657808,63.67531118,55.05865936,42.83298,40.402923,38.256366,37.453831,31.508413,26.465139,23.301044,16.86284,13.879206,12.131589,11.66900785,9.221553621,9.43618869,12.08015504,11.95290277,13.13056233,14.55202845,18.51647076,21.25620163,21.40907755,22.8099435,20.49684455,16.92322933,12.99717084,14.05201368,12.71428388,12.7373145,14.92997885,14.62694529,15.55471586,16.2867664,19.35978841,21.28732684,18.11694895,18.01703385,17.1337891,17.95225447,14.46857383,15.9811124,16.21683173,16.32626403,21.34673615,21.77151607,20.9722196,21.49827588,24.06930217
기타지방,매수자많음,9.996878831,22.41766909,28.89365597,16.3166908,17.85601359,18.03540957,17.56873982,15.35233643,20.6027287,22.05193934,33.17207232,31.6895107,27.37296504,15.76336418,9.641309452,5.289559,6.791411,9.231422,10.234128,7.997133,9.093127,5.243196,2.781342,2.142933,1.211446,3.677002126,4.304296395,3.01556073,3.77373653,4.07901956,3.2997723,2.90174909,4.22016898,2.34057957,3.70216142,3.41760621,2.65450614,2.51314793,1.94646568,2.64574768,2.69017089,3.52804993,3.79494378,2.42848211,2.41404449,3.16144007,2.65347021,4.02014656,4.09426963,3.70468107,2.69324568,2.77044733,3.30769267,3.74426981,4.31864427,3.81650224,3.32700303,2.39554778,3.16252629,4.50487443,4.90553779
기타지방,비슷함,37.02967453,36.72958807,39.25217768,48.01047367,51.56920709,49.14067467,50.94218227,50.13495236,50.55293499,54.82740672,48.40356765,50.26843811,55.1305907,58.72171592,55.70675069,52.509965,47.907587,47.681945,47.646629,47.447287,45.077212,39.655146,35.541867,29.57327,28.52918,18.68978037,16.03816995,19.90103233,21.23646968,23.44350299,20.72493452,22.51718736,24.10488818,26.24850403,26.78660959,27.55311236,25.13423977,22.0555917,17.75503146,20.88055843,18.80328122,19.55023666,18.34227267,19.48998574,20.79267373,22.81398742,24.59119691,24.72936542,24.43073129,22.50014409,21.16434395,21.60280387,20.43723226,22.8509716,22.28728997,24.46152211,26.41679508,24.79398384,24.47156692,23.23723436,23.05380114
기타지방,매도자많음,52.97344664,40.85274285,31.85416635,35.67283553,30.57477932,32.82391576,31.48907791,34.51271121,28.84433632,23.12065394,18.42436003,18.04205119,17.49644427,25.5149199,34.65193986,42.200476,45.301003,43.086633,42.119243,44.555581,45.829661,55.101658,61.676791,68.283798,70.259373,77.6332175,79.65753365,77.08340694,74.98979379,72.47747746,75.97529318,74.58106354,71.67494283,71.4109164,69.51122899,69.02928143,72.21125409,75.43126037,80.29850286,76.47369389,78.50654789,76.92171341,77.86278355,78.08153215,76.79328178,74.02457251,72.75533288,71.25048803,71.47499908,73.79517484,76.14241037,75.62674879,76.25507506,73.40475859,73.39406576,71.72197565,70.25620189,72.81046839,72.3659068,72.25789121,72.04066107
기타지방,매수우위지수,57.02343219,81.56492624,97.03948962,80.64385527,87.28123426,85.21149381,86.07966191,80.83962522,91.75839238,98.9312854,114.7477123,113.6474595,109.8765208,90.24844428,74.98936959,63.089084,61.490408,66.14479,68.114885,63.441552,63.263466,50.141537,41.10455,33.859135,30.952073,26.04378462,24.64676274,25.93215379,28.78394274,31.6015421,27.32447911,28.32068555,32.54522615,30.92966318,34.19093243,34.38832478,30.44325204,27.08188756,21.64796282,26.17205378,24.183623,26.60633652,25.93216023,24.34694996,25.6207627,29.13686756,29.89813733,32.76965853,32.61927055,29.90950623,26.5508353,27.14369854,27.05261761,30.33951123,30.92457851,32.09452659,33.07080114,29.58507939,30.79661949,32.24698322,32.86487673
부산,매수자많음,11.03370516,34.24951563,22.86925403,6.174616552,5.574888377,5.299015091,6.321086972,10.22140892,15.10229904,14.92093099,22.18020228,16.88067382,12.48209926,5.208252222,3.493442452,2.099478,3.605741,2.699168,2.852805,2.030249,1.333818,2.831504,1.216974,1.313073,0.367408,1.927879241,1.729926488,1.35777288,1.10809594,1.45731579,1.5489842,1.69605496,1.61091602,1.86400667,1.0379561,1.90070611,1.362449,1.42011544,0.70536386,1.78000006,1.70101879,0.96564774,1.49216133,1.70044152,0.89570345,2.49334613,1.73326923,0.8456947,1.73315389,2.1273073,1.13913062,1.57647536,0.77957757,0.75751167,1.40662434,0.98311412,2.75162981,1.78036996,1.88424747,2.01830665,3.20001449
부산,비슷함,40.51078836,28.35154897,43.63300648,39.35730949,50.45064941,40.77796635,37.41519753,40.99661221,46.5177346,55.51875633,57.25659103,61.39844122,64.25995449,57.76256737,56.71463566,47.433238,42.974021,42.355103,39.062956,33.499951,26.667958,17.942378,17.459586,12.870106,9.869541,6.952285751,7.628446233,8.75371844,7.24892206,8.64600938,10.54342462,9.14247088,13.52594135,11.66653603,8.84337285,10.38265117,10.53885015,7.42802076,6.58786368,8.04790231,8.52841628,8.40520915,10.23406394,8.540743,11.24378195,7.65516803,11.9440581,12.85965696,13.48077414,11.43869587,10.78856731,12.55432782,8.96009396,10.77767051,9.78461416,9.69678026,10.21730954,14.39606932,13.42952886,13.55471129,16.83406133
부산,매도자많음,48.45550648,37.39893539,33.49773949,54.46807396,43.97446221,53.92301856,56.2637155,48.78197886,38.37996636,29.56031268,20.56320669,21.72088496,23.25794625,37.02918041,39.79192189,50.467284,53.420238,54.945728,58.084238,64.4698,71.998224,79.226118,81.323441,85.816821,89.763051,91.11983501,90.64162728,89.88850868,91.642982,89.89667483,87.90759118,89.16147416,84.86314263,86.4694573,90.11867105,87.71664273,88.09870085,91.1518638,92.70677246,90.17209763,89.77056493,90.62914311,88.27377473,89.75881548,87.86051461,89.85148585,86.32267267,86.29464834,84.78607198,86.43399683,88.07230207,85.86919682,90.26032847,88.46481782,88.8087615,89.32010562,87.03106065,83.82356071,84.68622366,84.42698206,79.96592418
부산,매수우위지수,62.57819868,96.85058024,89.37151455,51.70654259,61.60042616,51.37599654,50.05737148,61.43943006,76.72233268,85.36061831,101.6169956,95.15978886,89.224153,68.17907182,63.70152057,51.632194,50.185503,47.75344,44.768567,37.560448,29.335594,23.605387,19.893533,15.496252,10.604357,10.80804423,11.08829921,11.4692642,9.46511394,11.56064096,13.64139303,12.5345808,16.74777339,15.39454937,10.91928506,14.18406338,13.26374814,10.26825164,7.9985914,11.60790243,11.93045385,10.33650463,13.2183866,11.94162603,13.03518884,12.64186028,15.41059656,14.55104636,16.94708191,15.69331047,13.06682855,15.70727853,10.5192491,12.29269386,12.59786284,11.66300849,15.72056917,17.95680925,17.19802381,17.59132459,23.23409031
대구,매수자많음,20.41683121,44.85804233,40.79486476,13.27125623,11.10012703,5.81727066,7.04404532,4.476686121,4.209995447,4.542050891,3.912292884,3.089718836,1.367368915,1.413372307,0,0.931984,0.981278,1.412038,3.948723,1.515801,0.507375,1.075779,0.541565,0,1.113183,2.759992942,1.138958344,1.31416917,2.25614327,2.70210083,1.4025352,2.63887826,1.53179874,1.39685153,2.29482685,2.24441977,1.18944335,0.60267175,0.44230081,1.57391101,0.58671072,0.68807895,1.75141237,1.5284765,1.46009546,1.59144263,2.77217335,2.75071521,2.90707745,1.46666655,1.03892082,1.40462692,0.95977584,1.37519918,2.82118318,2.08656873,2.83754065,2.37956336,1.58039416,2.02638224,2.61693581
대구,비슷함,40.54871244,39.69291838,47.22210112,71.22004522,69.47153362,62.31606115,55.05166354,49.59585886,54.84964578,46.4517607,45.76926526,39.38157967,41.82469049,33.08161836,29.55098323,25.795121,21.02814,23.988504,22.520633,17.70173,16.828725,14.225016,12.044137,7.847751,9.169828,6.260499248,4.128520773,5.2365955,6.39939599,6.79222652,6.21836456,7.9757951,12.12661123,10.18252568,12.50939331,11.72935871,9.92795863,11.50516859,6.57949926,5.04272618,5.63905643,5.9183065,8.30887708,7.85540063,8.37694545,10.85097945,10.85279582,13.95995108,8.74508987,12.26109853,9.95190204,10.59947175,8.87647058,9.66622586,8.02740232,6.36908961,9.64881104,14.96614444,16.55532031,13.10853075,14.11180834
대구,매도자많음,39.03445636,15.44903929,11.98303412,15.50869855,19.42833935,31.86666819,37.90429114,45.92745502,40.94035877,49.00618841,50.31844185,57.52870149,56.8079406,65.50500933,70.44901677,73.272895,77.990582,74.599458,73.530643,80.782469,82.6639,84.699206,87.414298,92.152249,89.716988,90.97950781,94.73252088,93.44923533,91.34446074,90.50567266,92.37910024,89.38532664,86.34159002,88.42062279,85.19577984,86.02622152,88.88259802,87.89215966,92.97819993,93.38336281,93.77423285,93.39361454,89.93971055,90.61612287,90.16295909,87.55757792,86.37503083,83.28933371,88.34783268,86.27223493,89.00917715,87.99590134,90.16375358,88.95857497,89.1514145,91.54434166,87.51364831,82.6542922,81.86428553,84.865087,83.27125585
대구,매수우위지수,81.38237485,129.409003,128.8118306,97.76255768,91.67178768,73.95060247,69.13975418,58.5492311,63.26963667,55.53586248,53.59385103,45.56101734,44.55942832,35.90836298,29.55098323,27.659089,22.990695,26.81258,30.41808,20.733332,17.843474,16.376573,13.127267,7.847751,11.396195,11.78048513,6.40643746,7.86493383,10.91168254,12.19642817,9.02343496,13.25355162,15.19020872,12.97622874,17.09904701,16.21819826,12.30684533,12.71051208,7.46410088,8.19054821,6.81247787,7.29446441,11.81170182,10.91235363,11.29713637,14.03386471,16.39714252,19.4613815,14.55924478,15.19443162,12.02974367,13.40872558,10.79602226,12.41662421,13.66976867,10.54222707,15.32389234,19.72527116,19.71610863,17.16129524,19.34567996
인천,매수자많음,5.314080887,11.13925641,21.00410978,22.10699265,29.46041124,34.1487339,29.09177256,37.27296531,33.36779758,21.04571434,48.31674189,32.23167477,25.78878654,6.071053661,5.460224491,0.861176,2.004511,2.738768,1.741679,0.891235,0.633849,0.941639,0.383131,1.783342,1.532524,1.503288998,3.924265724,2.44473006,2.70513381,3.32969345,1.98286437,3.37614633,2.1446138,1.87428762,3.4763377,4.54616756,2.14003119,1.50739982,1.35812144,2.18836164,1.93877665,2.21973488,1.70040718,2.74401175,2.87323416,5.26181842,4.6325426,4.28790019,3.1611121,2.39542537,1.4229127,1.42960056,1.36361223,1.85310042,2.09097822,0.9581265,2.8963709,1.83253956,2.47730057,1.93361037,2.43653781
인천,비슷함,48.56533491,46.94222919,43.31823444,53.25712243,52.17621002,50.89186285,57.57244358,48.3190813,55.27269568,63.99722187,42.49955387,58.35303065,61.84062406,68.47784225,46.13695087,39.77361,38.144657,35.057363,33.512707,24.438744,23.381456,16.114814,20.923332,16.32349,7.527827,8.033459111,8.673883312,7.6895046,10.84737512,12.85184447,13.28224189,18.18088719,17.48152064,21.5579555,23.07918981,25.67529064,23.0563104,22.78355048,18.04635553,21.23591857,14.02520797,20.81065754,21.4281657,23.42230482,25.42686676,32.55681993,32.81239968,34.31080242,30.32262748,27.56005992,24.15468359,18.88816806,18.92215362,21.7219295,20.27029725,24.71554437,27.07123267,26.19978444,27.91678873,24.46288048,25.50996068
인천,매도자많음,46.1205842,41.91851441,35.67765578,24.63588492,18.36337874,14.95940324,13.33578386,14.40795338,11.35950673,14.9570638,9.183704239,9.415294577,12.37058941,25.45110409,48.40282464,59.365214,59.850832,62.203869,64.745614,74.670021,75.984695,82.943547,78.693537,81.893168,90.93965,90.46325189,87.40185096,89.86576534,86.44749106,83.81846208,84.73489374,78.44296648,80.37386556,76.56775688,73.44447248,69.7785418,74.8036584,75.7090497,80.59552303,76.57571979,84.03601538,76.96960758,76.87142713,73.83368343,71.69989908,62.18136165,62.55505772,61.40129739,66.51626042,70.04451472,74.42240371,79.68223138,79.71423416,76.42497007,77.63872453,74.32632913,70.03239642,71.967676,69.6059107,73.60350916,72.05350151
인천,매수우위지수,59.19349669,69.220742,85.326454,97.47110773,111.0970325,119.1893307,115.7559887,122.8650119,122.0082908,106.0886505,139.1330377,122.8163802,113.4181971,80.61994957,57.05739985,41.495962,42.153679,40.534898,36.996065,26.221214,24.649154,17.998092,21.689594,19.890175,10.592874,11.04003711,16.52241476,12.57896472,16.25764275,19.51123137,17.24797063,24.93317985,21.77074824,25.30653074,30.03186522,34.76762576,27.33637279,25.79835012,20.76259841,25.61264185,17.90276126,25.2501273,24.82898005,28.91032833,31.17333507,43.08045676,42.07748487,42.88660281,36.64485168,32.35091065,27.00050899,21.74736919,21.64937807,25.42813035,24.45225369,26.63179736,32.86397448,29.86486356,32.87138987,28.33010121,30.38303629
광주,매수자많음,7.105941567,20.44785664,29.69394396,6.469937522,4.41950719,3.182757714,3.762157768,3.89255392,10.35758595,29.5545535,31.47194696,41.06388228,30.53375258,17.81214117,10.00330289,6.429128,2.859147,1.011771,2.829658,4.610809,4.013618,3.267219,0,0.56629,1.077331,1.393607787,2.225785714,0,3.20341515,1.40542357,0.95718366,1.34491994,1.99178952,1.04131081,2.54922567,1.52830915,1.06490139,1.54909905,2.87471293,1.04650559,1.08325647,1.85970688,2.26086684,3.29070728,1.92172749,0.98189843,1.84210062,1.07990416,1.47347891,1.6976771,1.05772761,2.03691863,0.42028332,1.75428716,1.06533492,1.14624502,1.07180764,1.03595416,0.44654201,1.0272416,3.71389113
광주,비슷함,54.57496641,40.88678772,54.04633435,74.11913957,78.10288653,66.47654777,68.06008225,57.34286715,66.50565088,49.08026944,59.20219061,49.01404747,62.40581499,65.22894103,66.22982639,32.655749,49.785668,36.323065,41.446364,29.020256,24.908492,30.562301,11.597942,15.390234,12.005166,8.15498635,4.882760843,7.06962381,6.34104633,5.43515266,5.88375065,5.28193833,5.614637,17.25830565,14.50244397,12.32340282,18.09396087,12.24222861,7.5468024,9.39556977,6.17504045,8.55394685,5.07851609,5.69375079,9.8105862,14.96205898,13.3801173,13.39439117,8.79101309,10.2951406,9.32381059,11.44145913,7.88050854,9.96846968,8.70717716,12.77172417,16.6465185,7.30131352,7.24352216,7.63067837,7.46777291
광주,매도자많음,38.31909202,38.66535563,16.25972169,19.4109229,17.47760628,30.34069452,28.17775998,38.76457893,23.13676317,21.36517706,9.325862429,9.922070248,7.060432432,16.9589178,23.76687072,60.915123,47.355185,62.665164,55.723978,66.368935,71.077891,66.17048,88.402058,84.043477,86.917503,90.45140586,92.89145344,92.93037619,90.45553852,93.15942377,93.15906569,93.37314173,92.39357348,81.70038355,82.94833036,86.14828803,80.84113773,86.20867235,89.57848466,89.55792464,92.74170308,89.58634627,92.66061707,91.01554194,88.26768631,84.05604259,84.77778207,85.52570466,89.735508,88.0071823,89.6184618,86.52162224,91.69920813,88.27724316,90.22748792,86.08203082,82.28167386,91.66273232,92.30993583,91.34208003,88.81833596
광주,매수우위지수,68.78684955,81.78250101,113.4342223,87.05901462,86.94190091,72.84206319,75.58439779,65.12797499,87.22082278,108.1893764,122.1460845,131.141812,123.4733201,100.8532234,86.23643218,45.514005,55.503962,38.346607,47.105681,38.241874,32.935727,37.096739,11.597942,16.522813,14.159828,10.94220192,9.33433227,7.06962381,12.74787664,8.2459998,7.79811797,7.9717782,9.59821604,19.34092726,19.60089532,15.38002112,20.22376366,15.3404267,13.29622827,11.48858095,8.34155339,12.27336061,9.60024976,12.27516534,13.65404119,16.92585584,17.06431855,15.5541995,11.73797091,13.6904948,11.43926582,15.51529639,8.72107519,13.477044,10.837847,15.0642142,18.79013378,9.37322185,8.13660618,9.68516157,14.89555517
대전,매수자많음,11.57297287,21.17786501,21.54831841,20.91223019,15.13761893,27.11966568,10.79015926,18.22463158,18.83345362,15.38316948,21.86161389,15.44087419,13.60830716,5.275512042,6.626959995,1.164297,1.959224,2.548081,0,2.34625,1.657293,0.623731,0,0,0.480389,1.788661746,1.565322032,1.9155401,2.44233007,0.91180088,1.97600209,0.94123996,2.92872364,4.34470926,3.02614986,4.73776679,2.33984929,2.44259659,0.88472405,3.24209921,2.36102503,1.78886525,1.31941597,1.39716038,2.26917474,0.90672924,2.36839414,3.61668794,1.39356281,0.93032998,0.93059611,1.84614101,0.95062338,1.2281432,1.79051679,2.82577792,2.67844581,1.85325803,1.82159573,3.18693118,2.70346588
대전,비슷함,75.12596253,67.76806881,67.69548496,69.16724142,71.68582086,56.19297207,65.82356689,60.42169757,69.83619301,66.2578906,65.65795497,59.3735291,54.78926028,57.87652644,38.48587019,40.481841,28.937168,33.186126,30.623885,22.247259,24.676154,14.91739,14.844354,12.781141,15.466417,12.95302982,9.127830358,5.28263332,9.02691404,9.00013027,13.27130548,13.65072629,22.20991578,34.2391832,36.78307652,35.24818325,36.31057432,27.9400948,24.02416519,24.01242628,21.1867767,19.48992841,20.67994627,20.28107619,21.25962308,12.6529404,16.88133924,21.37850252,16.55892902,19.03875905,22.78336081,18.22278446,19.12569756,17.9478648,19.43849339,19.63615613,24.98715895,29.04915538,24.39945365,24.42038525,23.33580153
대전,매도자많음,13.3010646,11.05406618,10.75619662,9.920528389,13.17656021,16.68736225,23.38627385,21.35367085,11.33035338,18.35893992,12.48043114,25.18559672,31.60243256,36.84796152,54.88716982,58.353861,69.103608,64.265793,69.376115,75.406491,73.666554,84.45888,85.155646,87.218859,84.053194,85.25830844,89.30684761,92.80182658,88.53075589,90.08806884,84.75269243,85.40803375,74.86136058,61.41610754,60.19077362,60.01404997,61.34957639,69.61730861,75.09111077,72.74547451,76.45219827,78.72120634,78.00063777,78.32176343,76.47120218,86.44033035,80.75026662,75.00480954,82.04750816,80.03091097,76.28604307,79.93107453,79.92367906,80.823992,78.77098982,77.53806595,72.33439525,69.09758659,73.77895062,72.39268357,73.96073259
대전,매수우위지수,98.27190827,110.1237988,110.7921218,110.9917018,101.9610587,110.4323034,87.40388541,96.87096073,107.5031002,97.02422957,109.3811827,90.25527747,82.00587461,68.42755052,51.73979018,42.810436,32.855617,38.282288,30.623885,26.939758,27.990739,16.164851,14.844354,12.781141,16.427195,16.53035331,12.25847442,9.11371352,13.91157418,10.82373204,17.22330966,15.53320621,28.06736306,42.92860172,42.83537624,44.72371682,40.99027291,32.82528798,25.79361328,30.4966247,25.90882676,23.06765891,23.3187782,23.07539695,25.79797257,14.46639889,21.61812752,28.6118784,19.34605465,20.89941901,24.64455304,21.91506648,21.02694432,20.4041512,23.01952696,25.28771198,30.34405056,32.75567145,28.04264511,30.79424761,28.74273329
울산,매수자많음,21.48860974,39.22505891,21.59818516,12.75027721,10.00360365,6.990138513,2.931374892,5.317091562,5.406714076,6.125813568,7.789897824,5.775882616,8.0563059,3.783591893,3.939299071,2.632995,0.898695,0.8559,2.891064,2.647296,0.85987,1.71974,1.810286,2.953198,1.893408,0.668472064,0,0,2.12592376,1.89614838,1.98178669,2.81079386,2.48294968,1.69756048,1.84057238,3.63964822,2.77070068,0.54059242,1.50675634,1.86017584,0.54138615,1.79856257,0.61069176,1.26900143,0.66973294,2.66810356,1.88269661,5.16965083,1.96976822,3.78181303,7.10742938,4.32687082,5.00061616,4.43228261,3.71061916,3.41255105,7.76845921,6.37136904,6.44451973,10.05268929,8.2848625
울산,비슷함,49.72327147,38.43928638,54.75567093,56.79724965,52.97838328,55.9793464,58.34176335,46.00836984,39.28357712,68.38849807,56.51708851,59.53278489,68.15651909,44.9770593,36.30572036,38.201473,33.810828,30.190465,18.781241,26.692535,23.320277,24.541646,21.311168,13.894015,5.793913,7.383343846,5.785510882,10.89102125,14.68251547,15.79736051,19.40041921,26.31052042,27.03339381,27.97848142,32.76901466,38.07301458,28.05142664,26.34149739,19.69201877,12.70747708,16.29316093,15.35194434,22.66205679,20.56323045,20.35826917,28.25346711,34.22911854,33.71997542,33.7589565,26.42897357,25.06448716,24.59757537,24.36539681,24.01217841,24.36750828,26.38948095,27.97696025,29.24297025,32.2436423,28.53936752,28.60032745
울산,매도자많음,28.78811879,22.33565471,23.64614391,30.45247314,37.01801308,37.03051509,38.72686176,48.6745386,55.3097088,25.48568837,35.69301366,34.6913325,23.78717501,51.2393488,59.75498057,59.165532,65.290477,68.953634,78.327694,70.660169,75.819853,73.738614,76.878546,83.152787,92.312679,91.94818409,94.21448912,89.10897875,83.19156078,82.30649111,78.61779411,70.87868571,70.48365651,70.3239581,65.39041296,58.2873372,69.17787268,73.11791019,78.80122489,85.43234708,83.16545292,82.84949309,76.72725144,78.16776812,78.97199789,69.07842933,63.88818485,61.11037376,64.27127528,69.7892134,67.82808346,71.07555381,70.63398703,71.55553897,71.92187256,70.197968,64.25458054,64.38566071,61.31183798,61.4079432,63.11481005
울산,매수우위지수,92.70049094,116.8894042,97.95204125,82.29780407,72.98559057,69.95962342,64.20451313,56.64255296,50.09700528,80.6401252,72.09688416,71.08455012,84.26913089,52.54424309,44.1843185,43.467463,35.608218,31.902266,24.56337,31.987127,25.040017,27.981126,24.93174,19.800411,9.580729,8.720287974,5.785510882,10.89102125,18.93436298,19.58965726,23.36399258,31.93210815,31.99929317,31.37360238,36.45015942,45.35231102,33.592828,27.42268224,22.70553145,16.42782876,17.37593323,18.94906949,23.88344032,23.1012333,21.69773505,33.58967423,37.99451176,44.05927707,37.69849294,33.99259964,39.27934593,33.25131701,34.36662913,32.87674364,31.7887466,33.21458306,43.51387868,41.98570834,45.13268175,48.64474609,45.17005245
세종,매수자많음,6.896552,11.111111,26.923077,25,17.241379,10.344828,3.571429,14.285714,3.571429,10.714286,7.407407,3.703704,0,0,0,0,0,0,0,0,0,0,0,3.703704,0,3.703703704,1.960784302,6.52173908,7.54716986,11.53846155,5.88235293,3.77358492,1.96078434,3.70370369,4.76190472,2.08333327,4.08163263,1.88679242,1.9607843,1.96078429,0,3.84615382,7.84313723,0,0,1.92307692,0,3.57142852,1.88679244,1.9607843,3.84615379,0,0,5.26315782,38.09523808,22.03389834,1.7543859,1.63934422,1.72413786,3.33333334,6.34920631
세종,비슷함,58.62069,48.148148,57.692308,35.714286,41.37931,31.034483,32.142857,28.571429,25,32.142857,18.518519,40.740741,24,23.076923,25,0,7.142857,0,3.703704,3.571429,7.407407,11.111111,7.142857,7.407407,3.333333,7.407407407,5.882352906,17.39130432,26.41509429,26.92307691,27.45098033,33.96226414,37.25490194,40.74074078,38.09523809,29.16666666,28.57142851,18.86792455,15.6862745,3.92156857,3.84615382,0,3.92156862,6,12.24489792,15.38461536,9.09090897,17.85714281,11.32075473,7.84313718,7.69230758,12.72727267,15.51724131,21.05263156,28.57142856,50.84745764,42.10526316,34.42622954,31.03448276,30.00000003,33.33333336
세종,매도자많음,34.482759,40.740741,15.384615,39.285714,41.37931,58.62069,64.285714,57.142857,71.428571,57.142857,74.074074,55.555556,76,76.923077,75,100,92.857143,100,96.296296,96.428571,92.592593,88.888889,92.857143,88.888889,96.666667,88.88888889,92.15686279,76.08695659,66.03773584,61.53846155,66.66666674,62.26415095,60.78431372,55.55555553,57.14285719,68.75000007,67.34693886,79.24528303,82.3529412,94.11764714,96.15384618,96.15384618,88.23529415,94,87.75510208,82.69230773,90.90909103,78.57142867,86.79245284,90.19607852,88.46153863,87.27272733,84.48275869,73.68421061,33.33333336,27.11864401,56.14035094,63.93442623,67.24137938,66.66666664,60.31746032
세종,매수우위지수,72.413793,70.37037,111.538462,85.714286,75.862069,51.724138,39.285714,57.142857,32.142857,53.571429,33.333333,48.148148,24,23.076923,25,0,7.142857,0,3.703704,3.571429,7.407407,11.111111,7.142857,14.814815,3.333333,14.81481482,9.80392151,30.43478249,41.50943402,50,39.21568619,41.50943397,41.17647062,48.14814816,47.61904754,33.3333332,36.73469377,22.64150939,19.6078431,7.84313715,3.84615382,7.69230764,19.60784308,6,12.24489792,19.23076919,9.09090897,24.99999986,15.0943396,11.76470577,15.38461517,12.72727267,15.51724131,31.57894721,104.7619047,94.91525433,45.61403496,37.70491799,34.48275848,36.6666667,46.03174599
경기,매수자많음,13.71590708,20.61881212,31.23682182,34.29541767,33.88577672,25.50915821,17.02311816,19.57633665,22.63490853,30.40661711,40.49316983,31.53503171,21.16158164,6.040667218,2.637533346,2.945504,2.327024,2.434281,3.577691,2.850662,1.749556,1.623708,1.587914,0.973305,1.4119,2.603864908,3.743142032,2.79849174,3.35670627,1.8119924,3.18320735,2.62215834,3.89173986,3.17043858,3.4247233,3.53552157,1.53432619,1.18146448,1.47967684,1.55125049,1.84672565,2.23837463,1.8840298,1.83056353,3.31412286,5.82970217,5.65670532,3.93237566,2.7092491,1.77716411,1.53317239,2.16331816,2.37241074,4.0539145,2.46258175,3.15162708,9.5049025,3.21755747,3.13094109,4.99405731,10.40958427
경기,비슷함,53.54856791,47.34932319,44.82771451,48.63017509,51.50340572,55.74026312,59.86493521,57.2790141,58.06972264,56.85070768,50.9889384,58.16411755,62.90732314,64.68710592,57.01486657,45.192821,40.540205,38.757733,36.182408,32.378425,28.363987,22.572616,17.19355,14.594918,11.424585,8.053563526,8.24538775,10.66830995,12.86420488,14.43079988,16.26768112,20.24343949,22.90998086,25.7493489,26.76133318,27.33236627,24.81486593,19.45589948,16.24882556,15.32568402,17.10429481,18.60994238,20.50884071,20.7526575,24.16740867,27.09727136,30.75274737,31.94426623,26.86286748,23.71445711,22.44874164,21.84510555,21.77421209,22.4564663,22.02621488,22.69507361,25.0360752,28.97254995,28.20047699,25.5869019,24.38109724
경기,매도자많음,32.73552501,32.03186469,23.93546367,17.07440724,14.61081756,18.75057867,23.11194663,23.14464925,19.29536883,12.74267521,8.517891763,10.30085074,15.93109522,29.27222686,40.34760008,51.861675,57.132771,58.807986,60.239902,64.770913,69.886458,75.803676,81.218535,84.431777,87.163515,89.34257157,88.01147022,86.53319831,83.77908885,83.75720772,80.54911152,77.13440217,73.19827928,71.08021252,69.81394351,69.13211216,73.65080788,79.36263605,82.2714976,83.12306549,81.04897955,79.15168299,77.60712949,77.41677897,72.51846847,67.07302647,63.5905473,64.12335811,70.42788342,74.50837878,76.01808597,75.9915763,75.85337717,73.4896192,75.51120336,74.15329931,65.4590223,67.80989258,68.66858192,69.41904079,65.20931849
경기,매수우위지수,80.98038207,88.58694744,107.3013582,117.2210104,119.2749592,106.7585795,93.91117153,96.43168741,103.3395397,117.6639419,131.9752781,121.234181,105.2304864,76.76844036,62.28993326,51.083829,45.194252,43.626295,43.337789,38.079748,31.863098,25.820032,20.369379,16.541529,14.248385,13.26129334,15.73167181,16.26529343,19.57761742,18.05478468,22.63409583,25.48775616,30.69346058,32.09022606,33.61077979,34.40340941,27.88351831,21.81882843,19.20817924,18.428185,20.7977461,23.08669164,24.27690031,24.41378457,30.79565439,38.75667571,42.06615802,39.80901755,32.28136568,27.26878533,25.51508643,26.17174186,26.51903357,30.56429531,26.95137839,28.99832777,44.0458802,35.40766488,34.46235917,35.57501653,45.20026578
충북,매수자많음,8.171074487,10.99087712,22.49567758,13.41180151,24.03603636,31.88286018,28.8604425,25.2642596,45.4183127,49.84517272,64.68346979,73.23333978,62.93996662,34.76284473,14.26078043,3.998483,13.093409,13.56081,15.515532,19.105535,15.067519,13.493457,5.833352,4.403353,2.631308,2.334436431,7.355911217,1.31989064,5.9880681,1.46777064,0.70626839,2.69431136,6.69711855,0.7768488,5.26307551,0.72445009,1.61432901,0.66864288,0,0.72012508,1.96403704,0,1.44898313,1.38083628,0.55392225,0.68911407,0.7698954,0.78365248,3.83296935,1.31330453,0.87435258,0,2.58064157,1.95846679,1.23213871,1.80085213,2.83610746,2.89670765,2.19410405,3.74801025,2.09381927
충북,비슷함,52.78784761,38.95678588,42.11846483,43.4916662,58.32520245,42.30466096,54.68308753,56.73765664,37.51589873,37.99309059,24.75363223,19.65603195,30.43810243,48.41525957,56.03824622,66.593044,55.503737,56.739174,53.592135,47.207266,45.693934,37.482482,15.047525,12.781265,29.938591,24.55557787,20.91698035,16.22579987,23.26943164,19.24147111,17.44894178,16.06352874,19.71300289,13.39053152,22.77462968,28.76158049,33.74156643,14.15490106,13.29558049,31.96638597,31.5006974,29.16882577,23.68710605,19.79279141,27.04513697,30.37122605,28.58604186,32.15718304,28.32291191,31.3351641,31.31051698,27.32783721,31.11754095,33.26780665,27.84863501,32.75621114,28.64509731,27.77231065,24.05621993,23.51374573,23.78624147
충북,매도자많음,39.0410779,50.052337,35.38585759,43.09653229,17.6387612,25.81247886,16.45646998,17.99808376,17.06578857,12.16173669,10.56289798,7.110628271,6.621930953,16.8218957,29.70097335,29.408473,31.402854,29.700016,30.892333,33.687198,39.238548,49.024061,79.119123,82.815383,67.430101,73.1099857,71.72710843,82.45430949,70.74250026,79.29075825,81.84478982,81.2421599,73.58987857,85.83261968,71.9622948,70.51396942,64.64410456,85.17645606,86.70441951,67.31348895,66.53526556,70.83117423,74.86391082,78.82637231,72.40094077,68.93965988,70.64406274,67.05916448,67.84411873,67.35153137,67.81513044,72.67216279,66.30181749,64.77372656,70.91922628,65.44293673,68.51879523,69.33098169,73.74967602,72.73824403,74.11993926
충북,매수우위지수,69.12999658,60.93854012,87.10981999,70.31526923,106.3972752,106.0703813,112.4039725,107.2661758,128.3525241,137.683436,154.1205718,166.1227115,156.3180357,117.940949,84.55980708,74.590011,81.690555,83.860794,84.623199,85.418337,75.828971,64.469395,26.714229,21.58797,35.201207,29.22445073,35.62880278,18.86558116,35.24556784,22.17701239,18.86147857,21.45215146,33.10723998,14.94422912,33.30078071,30.21048068,36.97022445,15.49218682,13.29558049,33.40663613,35.42877148,29.16882577,26.58507231,22.55446397,28.15298148,31.74945418,30.12583266,33.724488,35.98885062,33.96177317,33.05922214,27.32783721,36.27882408,37.18474023,30.31291243,36.3579154,34.31731224,33.56572596,28.44442804,31.00976622,27.97388001
충남,매수자많음,15.97271294,11.71413807,31.08437059,15.97031811,24.10510234,32.10974383,26.02125562,18.9599262,27.32289962,22.22685641,35.76279978,34.63774715,29.62055918,18.69973138,14.57056034,6.235855,4.504025,7.145704,7.278525,6.221044,3.07454,2.313495,2.257845,1.821813,0,4.465642746,3.812791911,1.43081112,1.74177634,1.76369961,1.29500438,0.77958597,2.81438757,1.01519797,5.30332271,4.63192073,1.30932694,2.6308586,1.03992384,2.51815463,0.5544066,2.27451016,2.23745416,1.86547972,1.20469925,1.67705416,2.95200721,1.45422733,1.29757708,3.02834676,1.9144887,0.90570844,1.06244396,3.2607997,1.39789092,0.7771339,0.54661584,0.95113447,0,3.22935185,0.94983583
충남,비슷함,34.5629052,47.6639546,34.08784024,55.60129852,44.58026101,40.40696253,45.11455902,56.56406568,49.62475573,59.56336294,54.35400004,54.06870286,63.33250698,67.47708969,63.30424174,68.852402,63.518105,56.567588,58.213946,51.444173,58.842352,49.403552,42.908576,30.061889,28.607879,14.80847072,14.91632404,13.61537335,17.91782113,20.88675132,19.63798218,20.73300257,23.41884632,31.64398529,25.18042551,25.47808585,21.63150046,25.76095237,16.42823203,23.41319839,19.66645273,21.43151865,17.93074337,17.09714728,19.14348419,23.11211175,30.73264207,30.89047766,26.18608419,19.9071928,16.80236577,18.04468843,16.33267705,20.53633148,19.78139143,21.39993797,22.91752383,18.23483079,19.70944808,22.51009689,21.18595564
충남,매도자많음,49.46438187,40.62190732,34.82778917,28.42838337,31.31463665,27.48329364,28.86418536,24.47600812,23.05234465,18.20978064,9.88320018,11.29355,7.046933835,13.82317893,22.12519792,24.911743,31.97787,36.286708,34.507529,42.334783,38.083109,48.282954,54.833579,68.116298,71.392121,80.72588653,81.27088405,84.95381553,80.34040253,77.34954907,79.06701344,78.48741146,73.76676611,67.34081674,69.51625179,69.88999342,77.05917261,71.60818903,82.53184413,74.06864698,79.77914067,76.29397119,79.83180247,81.037373,79.65181656,75.21083409,66.31535072,67.65529501,72.51633873,77.06446044,81.28314552,81.04960314,82.60487899,76.20286882,78.82071766,77.82292814,76.53586033,80.81403474,80.29055192,74.26055126,77.86420853
충남,매수우위지수,66.50833107,71.09223075,96.25658143,87.54193475,92.79046568,104.6264502,97.15707026,94.48391808,104.270555,104.0170758,125.8795996,123.3441972,122.5736253,104.8765524,92.44536243,81.324112,72.526156,70.858996,72.770996,63.88626,64.991431,54.030541,47.424266,33.705515,28.607879,23.73975622,22.54190786,16.47699559,21.40137382,24.41415054,22.22799093,22.29217451,29.04762145,33.67438122,35.78707092,34.74192731,24.25015433,31.02266957,18.5080797,28.44950766,20.77526593,25.98053896,22.4056517,20.82810672,21.55288269,26.46622008,36.63665649,33.79893232,28.78123835,25.96388632,20.63134318,19.8561053,18.45756498,27.05793088,22.57717326,22.95420576,24.01075551,20.13709974,19.70944808,28.96880059,23.0856273
전남,매수자많음,9.809238645,10.49273065,5.447438612,7.104909106,9.217634067,8.545771122,6.175351179,2.928107607,6.767782784,3.949422799,12.97666601,8.681277728,15.10029685,7.895400703,4.038837353,0,0,4.537365,1.101501,2.423302,6.586361,2.307907,1.101501,1.121257,2.154708,3.046026386,2.337354851,3.81481539,5.25244904,4.20482942,0,0,0.91123461,0.89746382,4.25316646,0,0.91549061,0,0.71355358,0,0,1.67449074,1.25422583,1.01742634,1.6976932,2.86178168,1.62210013,0.88264249,0,0,0,2.39329038,0,0.68000234,0.67398716,1.10617741,0,0,1.67411355,1.98519361,1.9360191
전남,비슷함,35.98965849,29.07574563,45.09512667,56.82414992,37.96004506,45.78891834,46.84627176,44.88821377,44.0725815,50.44673679,41.99672924,23.61974252,31.3796927,30.53900099,33.26781716,11.069074,6.78989,8.238895,20.746726,7.369767,13.849632,22.781406,23.536608,30.565787,29.195351,15.0751549,16.96417372,26.69796572,16.01776055,18.05524413,15.75537012,16.7028662,15.28935114,24.33054009,23.72283256,17.28662092,18.58848551,18.68178355,13.01149641,10.31858314,4.7680528,8.82211897,8.06212632,8.2294951,5.23721228,11.63067349,14.62114443,11.58389571,17.2789921,11.90591508,12.32159421,12.5708388,20.04791161,20.39200713,18.44517903,19.90119697,30.07051682,15.46388391,19.30172774,10.05026611,17.89412183
전남,매도자많음,54.20110287,60.43152373,49.45743471,36.07094097,52.82232088,45.66531054,46.97837707,52.18367862,49.15963572,45.60384041,45.02660475,67.69897975,53.52001046,61.56559831,62.69334548,88.930926,93.21011,87.223739,78.151773,90.206931,79.564007,74.910686,75.361891,68.312955,68.649941,81.87881871,80.69847143,69.48721889,78.72979041,77.73992645,84.24462988,83.2971338,83.79941426,74.77199609,72.02400098,82.71337908,80.49602388,81.31821645,86.27495001,89.68141686,95.2319472,89.50339029,90.68364786,90.75307856,93.06509452,85.50754483,83.75675544,87.5334618,82.7210079,88.09408492,87.67840579,85.03587083,79.95208839,78.92799053,80.88083381,78.99262562,69.92948318,84.53611609,79.02415871,87.96454028,80.16985907
전남,매수우위지수,55.60813578,50.06120692,55.9900039,71.03396813,56.39531319,62.88046058,59.19697411,50.74442898,57.60814707,58.34558239,67.95006127,40.98229798,61.58028639,46.32980239,41.34549187,11.069074,6.78989,17.313626,22.949728,12.216372,27.022354,27.397221,25.73961,32.808302,33.504768,21.16720767,21.63888342,34.3275965,26.52265863,26.46490297,15.75537012,16.7028662,17.11182035,26.12546773,32.22916548,17.28662092,20.41946673,18.68178355,14.43860356,10.31858314,4.7680528,12.17110046,10.57057797,10.26434778,8.63259868,17.35423685,17.8653447,13.34918069,17.2789921,11.90591508,12.32159421,17.35741955,20.04791161,21.75201181,19.79315335,22.11355178,30.07051682,15.46388391,22.64995483,14.02065332,21.76616003
경북,매수자많음,11.03873902,33.39768625,43.12121061,20.09388916,24.33627172,16.68916503,16.94028853,14.29165548,16.24856602,14.64417436,29.93110822,22.87035081,16.4855491,9.902398345,8.493444655,3.957014,2.666272,9.482671,10.268471,5.174059,8.660115,0.931302,3.313478,1.488103,0.654991,3.633379447,3.449284782,3.90656688,2.99313192,4.54209107,4.20938605,2.80514336,7.04037874,4.27981986,2.30980009,2.07177021,1.84972183,4.52549446,3.08807348,6.23910033,5.88266345,4.573445,4.74053053,3.66927621,2.74975207,4.06566117,5.72514818,10.54939646,5.96052531,6.36317259,4.75789808,5.37304824,5.57827609,5.19459849,2.37988311,2.71658601,2.57233861,1.25870483,3.3146925,4.8303114,3.67211297
경북,비슷함,32.75605363,25.57111351,24.34819605,43.38352241,46.46834818,51.72747792,47.34496793,46.41072658,49.63773567,59.89532001,53.26996657,55.12319365,68.89268497,65.19185414,60.39227921,49.145835,45.951348,48.104488,38.816129,44.848903,42.64789,33.637997,27.133564,27.655882,19.779023,20.92253686,16.70900057,17.68027098,21.92444932,22.90391963,22.46131557,23.71253056,18.29447417,26.8108905,25.58267289,28.83390916,33.26976074,24.58648148,13.624177,15.62459024,14.76611509,16.86994725,21.26897975,22.96602216,20.15116572,20.40927295,21.46504401,19.64199917,23.75637938,23.70901018,20.48648499,18.08838267,13.85131938,15.7381458,18.64069335,16.76200026,17.6322384,24.20210939,28.53354553,24.01162195,26.64502402
경북,매도자많음,56.20520735,41.03120024,32.53059334,36.52258843,29.1953801,31.58335705,35.71474354,39.29761794,34.1136983,25.46050563,16.79892521,22.00645555,14.62176593,24.90574751,31.11427614,46.897152,51.38238,42.412841,50.9154,49.977038,48.691995,65.430701,69.552957,70.856014,79.565986,75.44408369,79.84171465,78.41316214,75.08241876,72.5539893,73.32929838,73.48232609,74.66514709,68.90928965,72.10752702,69.09432063,64.88051742,70.88802406,83.28774952,78.13630943,79.35122145,78.55660775,73.99048972,73.36470163,77.0990822,75.52506589,72.80980781,69.80860438,70.28309532,69.92781723,74.75561693,76.53856909,80.57040453,79.06725571,78.97942354,80.52141374,79.79542299,74.53918578,68.15176197,71.15806665,69.68286301
경북,매수우위지수,54.83353167,92.36648602,110.5906173,83.57130074,95.14089162,85.10580799,81.22554499,74.99403754,82.13486772,89.18366872,113.132183,100.8638953,101.8637832,84.99665083,77.37916852,57.059862,51.283892,67.06983,59.353072,55.197022,59.96812,35.500601,33.760521,30.632089,21.089005,28.18929576,23.60757013,25.49340474,27.91071316,31.98810176,30.88008767,29.32281727,32.37523166,35.37053021,30.20227307,32.97744959,36.96920441,33.6374704,19.80032395,28.1027909,26.531442,26.01683725,30.75004082,30.30457458,25.65066987,28.54059528,32.91534037,40.74079208,35.67742999,36.43535536,30.00228115,28.83447916,25.00787156,26.12734278,23.40045956,22.19517227,22.77691563,26.71951904,35.16293053,33.67224475,33.98924996
경남,매수자많음,10.90501089,32.91827814,28.90371072,18.98990331,11.25048269,9.27320177,6.863649198,10.23381969,11.16334338,19.75263746,25.50075441,31.17585018,23.46378645,14.4682388,9.144450236,8.669374,10.695419,9.311117,12.756639,7.673156,9.321764,5.801531,2.783225,1.930002,2.515661,2.341551366,3.570094819,2.29588315,2.50472303,4.17670714,2.86191255,1.49739241,4.05052453,1.89495902,2.18666499,3.13720673,4.48557504,2.89790062,2.66965211,2.39413136,3.25987531,3.65006763,4.2507125,1.68490637,2.7991876,2.76962039,2.5944817,3.49287803,3.8400488,2.17045137,2.79277557,2.55899938,3.5092628,1.60249119,2.87857144,2.37145969,2.83366667,3.1464126,3.17706225,2.84953836,4.90975688
경남,비슷함,40.01275629,35.85808911,48.80048189,43.96208904,58.0787464,55.27339029,54.61199661,48.14208062,56.24470514,58.26795398,60.65626906,57.82053017,57.37625514,57.16975906,50.84941972,45.462966,42.282014,45.829877,43.190684,50.341396,45.018091,42.676832,47.148942,34.736611,33.669309,21.4689524,19.90918481,18.84069291,18.66376337,24.43459548,27.75971363,24.12976049,27.14975314,23.53194833,25.73863355,27.9449989,20.64330883,22.56717487,17.6884361,22.22185716,19.82689507,19.50947365,17.85103905,22.62956972,18.56349418,20.99573401,21.17094575,20.11753966,21.57663157,21.49677308,19.45632406,22.63171974,18.31896989,21.61104285,22.13222495,23.23422238,24.485406,24.45046285,21.84231781,22.70988677,20.515904
경남,매도자많음,49.08223282,31.22363275,22.29580739,37.04800765,30.67077091,35.45340794,38.52435419,41.62409968,32.59195147,21.97940856,13.84297653,11.00361965,19.15995842,28.36200214,40.00613005,45.86766,47.022567,44.859006,44.052677,41.985447,45.660145,51.521637,50.067833,63.333387,63.81503,76.18949623,76.52072037,78.86342394,78.8315136,71.38869737,69.37837383,74.3728471,68.79972232,74.57309266,72.07470146,68.91779437,74.87111613,74.53492451,79.64191178,75.38401148,76.91322962,76.84045873,77.89824845,75.6855239,78.63731822,76.2346456,76.23457255,76.38958231,74.58331963,76.33277555,77.75090037,74.80928088,78.17176731,76.78646597,74.98920361,74.39431793,72.68092733,72.40312455,74.98061994,74.44057487,74.57433913
경남,매수우위지수,61.82277807,101.6946454,106.6079033,81.94189566,80.57971179,73.81979383,68.33929501,68.60972001,78.57139191,97.7732289,111.6577779,120.1722305,104.303828,86.10623666,69.13832019,62.801715,63.672852,64.45211,68.703963,65.687709,63.661619,54.279894,52.715392,38.596615,38.700631,26.15205514,27.04937445,23.43245922,23.67320943,32.78800977,33.48353872,27.12454531,35.25080221,27.32186636,30.11196353,34.21941236,29.61445891,28.36297611,23.02774033,27.01011988,26.34664569,26.8096089,26.35246404,25.99938247,24.16186937,26.53497479,26.35990915,27.10329571,29.25672917,25.83767582,25.0418752,27.7497185,25.33749549,24.81602522,27.88936783,27.97714176,30.15273934,30.74328806,28.1964423,28.40896349,30.33541775
제주,매수자많음,3.846153846,40,52.17391304,12.5,25.92592593,22.22222222,36,29.16666667,33.33333333,25,45.45454545,25,30.43478261,8,4.347826087,4,4.347826,4.347826,0,4.166667,4.347826,11.764706,4.347826,0,0,0,0,0,0,0,3.88781835,0,0,6.37826624,5.17826059,0,4.56905357,0,0,6.40106114,0,4.81714235,4.28190424,0,0,0,0,0,6.84729085,0,0,2.90640472,0,4.0603306,0,0,0,0,2.56816382,0,5.13468698
제주,비슷함,11.53846154,30,39.13043478,66.66666667,48.14814815,59.25925926,52,54.16666667,50,66.66666667,40.90909091,66.66666667,65.2173913,84,60.86956522,80,60.869565,65.217391,82.608696,70.833333,56.521739,52.941176,39.130435,32.193142,35.496914,39.96765446,30.01371441,13.88650657,23.23535529,17.23556373,17.2243633,14.44390918,26.02205351,37.71183014,47.41086971,51.59472084,59.64434144,41.55169893,27.95486598,28.21683127,26.50408572,29.45777934,21.44285892,20.48762049,19.8115303,8.939882,25.7172789,31.82266155,24.80569316,34.30213501,37.5,31.39573029,41.03965699,32.93212792,22.84095545,22.84095545,44.87159167,36.03110611,44.12442444,30.78003379,32.02859556
제주,매도자많음,84.61538462,30,8.695652174,20.83333333,25.92592593,18.51851852,12,16.66666667,16.66666667,8.333333333,13.63636364,8.333333333,4.347826087,8,34.7826087,16,34.782609,30.434783,17.391304,25,39.130435,35.294118,56.521739,67.806858,64.503086,60.03234554,69.98628559,86.11349343,76.76464471,82.76443627,78.88781835,85.55609082,73.97794649,55.90990363,47.41086971,48.40527916,35.78660499,58.44830107,72.04513402,65.38210758,73.49591428,65.7250783,74.27523683,79.51237951,80.1884697,91.060118,74.2827211,68.17733845,68.347016,65.69786499,62.5,65.69786499,58.96034301,63.00754148,77.15904455,77.15904455,55.12840833,63.96889389,53.30741173,69.21996621,62.83671745
제주,매수우위지수,19.23076923,110,143.4782609,91.66666667,100,103.7037037,124,112.5,116.6666667,116.6666667,131.8181818,116.6666667,126.0869565,100,69.56521739,88,69.565217,73.913043,82.608696,79.166667,65.217391,76.470588,47.826087,32.193142,35.496914,39.96765446,30.01371441,13.88650657,23.23535529,17.23556373,25,14.44390918,26.02205351,50.46836261,57.76739088,51.59472084,68.78244858,41.55169893,27.95486598,41.01895356,26.50408572,39.09206405,30.00666741,20.48762049,19.8115303,8.939882,25.7172789,31.82266155,38.50027485,34.30213501,37.5,37.20853974,41.03965699,41.05278912,22.84095545,22.84095545,44.87159167,36.03110611,49.26075209,30.78003379,42.29796953
강원,매수자많음,6.089385903,23.48556781,26.73525769,18.64614658,16.34448429,15.07643947,21.44722131,15.03438782,18.17496053,32.81341299,43.79437361,35.61464698,39.63764738,35.18310866,18.48561351,8.601384,14.09112,13.814158,12.829577,10.637766,13.864852,4.22813,0,1.247118,0,8.008516629,8.39898905,7.69244334,8.71356784,6.90217151,9.6972794,12.15593331,7.39978725,4.70943311,6.50535668,10.49997674,3.58293705,5.35111435,2.83933663,1.48251457,4.59361787,10.73800457,7.79037343,5.3552953,1.86823884,6.09449618,2.31042118,0.93300538,4.64343253,6.24906266,4.88791383,7.07749838,6.91030958,8.49361297,6.27127513,6.25047457,7.58514498,5.42307266,4.89646213,6.80566854,5.13575414
강원,비슷함,40.62396877,49.31924772,44.90310433,40.26638124,59.21581611,54.61224777,50.12308395,60.90769016,65.31616774,47.4412071,40.46602786,55.72768021,49.39920197,56.17703804,63.2297817,62.727028,65.627388,72.184715,75.881771,78.017129,65.47422,64.391502,70.165972,56.580829,47.261903,16.67240113,12.20375991,32.62069114,33.24110382,29.16759329,15.45016489,17.5381001,19.97310265,35.81965428,37.93608243,37.35560176,27.92047828,23.12874095,32.25508695,28.54972996,23.65643475,21.40511157,15.15152081,23.81192098,32.91104085,27.735327,31.450409,28.10731768,30.63003085,22.25785807,20.1001012,25.36424391,23.48830339,28.22661053,26.48744513,24.3571333,32.19406374,19.86004741,24.8397368,22.90485901,20.60827771
강원,매도자많음,53.28664533,27.19518448,28.36163798,41.08747218,24.4396996,30.31131275,28.42969474,24.05792202,16.50887173,19.74537992,15.73959852,8.657672818,10.96315065,8.639853302,18.28460479,28.671589,20.281492,14.001127,11.288651,11.345105,20.660927,31.380369,29.834028,42.172053,52.738097,75.31908224,79.39725104,59.68686552,58.04532834,63.93023521,74.85255571,70.30596659,72.62711011,59.47091261,55.55856089,52.1444215,68.49658467,71.5201447,64.90557642,69.96775547,71.74994739,67.85688386,77.05810577,70.83278373,65.22072031,66.17017683,66.23916982,70.95967694,64.72653662,71.49307927,75.01198497,67.55825771,69.60138704,63.2797765,67.24127974,69.39239212,60.22079128,74.71687992,70.26380107,70.28947246,74.25596815
강원,매수우위지수,52.80274058,96.29038333,98.3736197,77.55867441,91.90478468,84.76512672,93.01752657,90.9764658,101.6660888,113.0680331,128.0547751,126.9569742,128.6744967,126.5432554,100.2010087,79.929795,93.809629,99.813031,101.540926,99.292661,93.203925,72.847761,70.165972,59.075064,47.261903,32.68943438,29.00173801,48.00557782,50.66823949,42.9719363,34.84472369,41.84996672,34.77267714,45.2385205,50.94679578,58.35555524,35.08635237,33.83096964,37.93376021,31.51475909,32.84367048,42.88112071,30.73226766,34.52251157,36.64751853,39.92431935,36.07125136,29.97332844,39.91689591,34.7559834,29.87592886,39.51924066,37.30892254,45.21383646,39.02999538,36.85808245,47.3643537,30.70619274,34.63266105,36.51619608,30.87978599
전북,매수자많음,6.673178187,15.78333037,23.65894554,14.40121576,13.22542545,14.72532081,19.37537923,16.73997756,23.35776456,17.53447703,28.61548375,24.98776251,18.71233039,4.069387036,4.016404237,3.564598,4.059626,12.209664,15.97521,10.087936,14.493914,6.945216,3.041288,2.685894,0,3.867522843,3.867053963,1.46097043,1.96856201,4.11727527,4.08654749,3.0965173,1.28467133,1.9141714,2.00075411,3.8012697,2.45311803,0.57078823,2.22162472,3.12921785,2.22288916,1.94657173,2.7304397,3.48315724,6.39286132,5.3437205,2.46918077,8.11050542,8.74139218,8.05739747,2.50834053,2.23275469,4.15544462,6.09683758,6.6586851,8.23826859,9.15821017,3.64650832,8.03839689,10.6595991,15.99145991
전북,비슷함,29.41625628,33.25229562,30.37254088,49.26693284,56.67362629,50.24368763,59.70878937,44.03917799,54.66806535,59.13922973,51.720313,63.67635083,69.78468815,71.64916073,65.79655157,60.26835,56.420562,47.178001,44.288899,49.311098,42.707543,27.027894,22.68708,22.900357,19.838412,15.07185761,8.663193932,21.78944207,19.73227158,27.65527211,14.32017695,30.85199013,35.75704227,22.99188566,23.429639,22.909863,18.36054847,20.838944,20.40330323,17.83613752,19.4926554,23.62077076,25.76966596,20.07857918,26.20115326,30.46499363,30.63683664,34.4838029,29.39144178,29.97515542,31.57424406,28.51289846,25.89368118,24.81907224,22.62614634,28.04465263,29.30936182,38.7049585,30.20328694,31.32786209,26.83365213
전북,매도자많음,63.91056553,50.96437401,45.96851358,36.3318514,30.10094826,35.03099156,20.9158314,39.22084445,21.9741701,23.32629324,19.66420325,11.33588665,11.50298146,24.28145224,30.18704419,36.167053,39.519812,40.612335,39.735891,40.600966,42.798543,66.02689,74.271631,74.413749,80.161588,81.06061955,87.4697521,76.7495875,78.29916642,68.22745262,81.59327555,66.05149257,62.9582864,75.09394294,74.56960689,73.2888673,79.18633351,78.59026778,77.37507205,79.03464462,78.28445544,74.43265751,71.49989433,76.43826358,67.40598542,64.19128588,66.89398259,57.40569168,61.86716604,61.96744711,65.91741541,69.25434685,69.9508742,69.08409018,70.71516856,63.71707878,61.53242801,57.64853318,61.75831616,58.01253881,57.17488796
전북,매수우위지수,42.76261266,64.81895636,77.69043195,78.06936437,83.12447719,79.69432925,98.45954783,77.51913311,101.3835945,94.20818379,108.9512805,113.6518759,107.2093489,79.7879348,73.82936005,67.397545,64.539813,71.597329,76.23932,69.48697,71.69537,40.918326,28.769657,28.272145,19.838412,22.8069033,16.39730186,24.71138294,23.66939559,35.88982265,22.49327194,37.04502473,38.32638493,26.82022846,27.43114721,30.5124024,23.26678452,21.98052045,24.84655267,24.09457323,23.93843371,27.51391422,31.23054537,27.04489367,38.98687591,41.15243462,35.57519817,50.70481373,46.87422614,46.08995036,36.59092513,32.97840784,34.20457042,37.01274739,35.94351655,44.52118981,47.62578217,45.99797514,46.28008073,52.64706028,58.81657195
